{"count":1,"self":53.643919999999994,"total":64.5365066,"children":{"InitializeActuators":{"count":10,"self":0.00099739999999999985,"total":0.00099739999999999985,"children":null},"InitializeSensors":{"count":10,"self":0.0009969,"total":0.0009969,"children":null},"AgentSendState":{"count":3899,"self":0.019944399999999998,"total":0.0907687,"children":{"CollectObservations":{"count":1535,"self":0.010971199999999999,"total":0.010971199999999999,"children":null},"WriteActionMask":{"count":1535,"self":0.0039881,"total":0.0039881,"children":null},"RequestDecision":{"count":1535,"self":0.0109717,"total":0.055865,"children":{"AgentInfo.ToProto":{"count":1535,"self":0.012969999999999999,"total":0.0448933,"children":{"GenerateSensorData":{"count":1535,"self":0.0319233,"total":0.0319233,"children":null}}}}}}},"DecideAction":{"count":3899,"self":10.770878399999999,"total":10.770878399999999,"children":null},"AgentAct":{"count":3899,"self":0.027946699999999998,"total":0.027946699999999998,"children":null}},"gauges":{},"metadata":{"timer_format_version":"0.1.0","start_time_seconds":"1625744398","unity_version":"2020.3.4f1","command_line_arguments":"C:\\Program Files\\Unity\\Hub\\Editor\\2020.3.4f1\\Editor\\Unity.exe -projectpath C:\/Users\/mpunz\/Desktop\/LISN\/Unity projects\/AuditionRoom -useHub -hubIPC -cloudEnvironment production -hubSessionId 3f6e9920-dfcb-11eb-9ccd-b952be54b7ff -accessToken 2kCU5hUkGv_fA6_2CSUdR-CKoy1IyATBdjvLFXls0Do006f","communication_protocol_version":"1.5.0","com.unity.ml-agents_version":"2.1.0-exp.1","scene_name":"AuditionRoom","end_time_seconds":"1625744462"}}