{"count":1,"self":107.2412992,"total":120.95937029999999,"children":{"InitializeActuators":{"count":11,"self":0.0029947999999999997,"total":0.0029947999999999997,"children":null},"InitializeSensors":{"count":11,"self":0.0019947999999999997,"total":0.0019947999999999997,"children":null},"AgentSendState":{"count":8148,"self":0.050888499999999996,"total":0.1945731,"children":{"CollectObservations":{"count":3070,"self":0.0260035,"total":0.0260035,"children":null},"WriteActionMask":{"count":3070,"self":0.0029554,"total":0.0029554,"children":null},"RequestDecision":{"count":3070,"self":0.0269287,"total":0.1147257,"children":{"AgentInfo.ToProto":{"count":3070,"self":0.024928699999999998,"total":0.087797,"children":{"GenerateSensorData":{"count":3070,"self":0.0628683,"total":0.0628683,"children":null}}}}}}},"DecideAction":{"count":8148,"self":13.4706048,"total":13.4706049,"children":null},"AgentAct":{"count":8148,"self":0.045906499999999996,"total":0.045906499999999996,"children":null}},"gauges":{},"metadata":{"timer_format_version":"0.1.0","start_time_seconds":"1627061172","unity_version":"2020.3.4f1","command_line_arguments":"C:\\Program Files\\Unity\\Hub\\Editor\\2020.3.4f1\\Editor\\Unity.exe -projectpath C:\/Users\/mpunz\/Desktop\/LISN\/Unity projects\/AuditionRoom -useHub -hubIPC -cloudEnvironment production -hubSessionId 1468c1f0-ebc0-11eb-840e-31af9cc66879 -accessToken uh1qtBDZv395uxzsKBpq576w5iugBHoDJxwUQ9i0UIM006f","communication_protocol_version":"1.5.0","com.unity.ml-agents_version":"2.1.0-exp.1","scene_name":"AuditionRoom","end_time_seconds":"1627061293"}}