{"count":1,"self":43.0658848,"total":62.129484999999995,"children":{"InitializeActuators":{"count":18,"self":0.000997,"total":0.000997,"children":null},"InitializeSensors":{"count":18,"self":0.0010035999999999999,"total":0.0010035999999999999,"children":null},"AgentSendState":{"count":14371,"self":0.094729799999999989,"total":0.28915779999999996,"children":{"CollectObservations":{"count":17223,"self":0.0119698,"total":0.0119698,"children":null},"WriteActionMask":{"count":17223,"self":0.0159908,"total":0.0159908,"children":null},"RequestDecision":{"count":17223,"self":0.0418735,"total":0.1664674,"children":{"AgentInfo.ToProto":{"count":17223,"self":0.0299094,"total":0.1245939,"children":{"GenerateSensorData":{"count":17223,"self":0.094684499999999991,"total":0.094684499999999991,"children":null}}}}}}},"DecideAction":{"count":14371,"self":18.6916688,"total":18.691668399999998,"children":null},"AgentAct":{"count":14371,"self":0.07877809999999999,"total":0.07877809999999999,"children":null},"AgentInfo.ToProto":{"count":318,"self":0.000997,"total":0.000997,"children":{"GenerateSensorData":{"count":318,"self":0,"total":0,"children":null}}}},"gauges":{"RightArmMovement.CumulativeReward":{"count":106,"max":27.2749882,"min":-9.619424,"runningAverage":14.3930845,"value":-2.70055461,"weightedAverage":10.554575},"LeftArmMovement.CumulativeReward":{"count":106,"max":22.6336117,"min":-6.78632,"runningAverage":10.64549,"value":-1.05154335,"weightedAverage":9.796687},"HeadChestMovement.CumulativeReward":{"count":106,"max":47.7316628,"min":-24.1552238,"runningAverage":17.8364162,"value":19.6439514,"weightedAverage":22.3352566}},"metadata":{"timer_format_version":"0.1.0","start_time_seconds":"1628270921","unity_version":"2020.3.4f1","command_line_arguments":"C:\\Program Files\\Unity\\Hub\\Editor\\2020.3.4f1\\Editor\\Unity.exe -projectpath C:\/Users\/mpunz\/Desktop\/LISN\/Unity projects\/AuditionRoom -useHub -hubIPC -cloudEnvironment production -hubSessionId 3ad92b10-f68b-11eb-b62b-d5211d744805 -accessToken eROelS7KCY6TFmtw5KW_p0K7KDINmfAvefkaoly-lZs006f","communication_protocol_version":"1.5.0","com.unity.ml-agents_version":"2.1.0-exp.1","scene_name":"AuditionRoom","end_time_seconds":"1628270983"}}