{"count":1,"self":60.2909376,"total":79.8796058,"children":{"InitializeActuators":{"count":27,"self":0.00099819999999999987,"total":0.00099819999999999987,"children":null},"InitializeSensors":{"count":27,"self":0.0019622,"total":0.0019622,"children":null},"AgentSendState":{"count":8017,"self":0.08890519999999999,"total":0.3309472,"children":{"CollectObservations":{"count":17772,"self":0.0129641,"total":0.0129641,"children":null},"WriteActionMask":{"count":17772,"self":0.013950599999999999,"total":0.013950599999999999,"children":null},"RequestDecision":{"count":17772,"self":0.052803499999999996,"total":0.2151273,"children":{"AgentInfo.ToProto":{"count":17772,"self":0.052903,"total":0.1623238,"children":{"GenerateSensorData":{"count":17772,"self":0.1094208,"total":0.1094208,"children":null}}}}}}},"DecideAction":{"count":8017,"self":19.165886399999998,"total":19.165885799999998,"children":null},"AgentAct":{"count":8017,"self":0.0848862,"total":0.0848862,"children":null},"AgentInfo.ToProto":{"count":219,"self":0.0009961,"total":0.0029909999999999997,"children":{"GenerateSensorData":{"count":219,"self":0.0019949,"total":0.0019949,"children":null}}}},"gauges":{"RightArmMovement.CumulativeReward":{"count":73,"max":47.1798363,"min":-16.4027748,"runningAverage":18.9695873,"value":14.3909569,"weightedAverage":21.1084},"LeftArmMovement.CumulativeReward":{"count":73,"max":36.48858,"min":-21.473175,"runningAverage":12.7407255,"value":9.725992,"weightedAverage":7.89406729},"HeadChestMovement.CumulativeReward":{"count":73,"max":64.15134,"min":-17.1390324,"runningAverage":26.364624,"value":37.52215,"weightedAverage":29.8222389}},"metadata":{"timer_format_version":"0.1.0","start_time_seconds":"1628437523","unity_version":"2020.3.4f1","command_line_arguments":"C:\\Program Files\\Unity\\Hub\\Editor\\2020.3.4f1\\Editor\\Unity.exe -projectpath C:\/Users\/mpunz\/Desktop\/LISN\/Unity projects\/AuditionRoom -useHub -hubIPC -cloudEnvironment production -hubSessionId cc99fa00-f84f-11eb-aa90-018e508f63ec -accessToken vf-ov7xM7Nc3-z1JJ48eCCRofSa_Q2l5d3rD1OjSKlM006f","communication_protocol_version":"1.5.0","com.unity.ml-agents_version":"2.1.0-exp.1","scene_name":"AuditionRoom","end_time_seconds":"1628437602"}}