{"count":1,"self":24.430587199999998,"total":41.5000109,"children":{"InitializeActuators":{"count":27,"self":0.0009952,"total":0.0009952,"children":null},"InitializeSensors":{"count":27,"self":0.0009961,"total":0.0009961,"children":null},"AgentSendState":{"count":28401,"self":0.0894394,"total":0.2874159,"children":{"CollectObservations":{"count":16017,"self":0.0088475999999999989,"total":0.0088475999999999989,"children":null},"WriteActionMask":{"count":16017,"self":0.010981999999999999,"total":0.010981999999999999,"children":null},"RequestDecision":{"count":16017,"self":0.0459518,"total":0.1781469,"children":{"AgentInfo.ToProto":{"count":16017,"self":0.029709899999999997,"total":0.13219509999999998,"children":{"GenerateSensorData":{"count":16017,"self":0.1024852,"total":0.1024852,"children":null}}}}}}},"DecideAction":{"count":28401,"self":16.693212799999998,"total":16.693212199999998,"children":null},"AgentAct":{"count":28401,"self":0.0809927,"total":0.0809927,"children":null},"AgentInfo.ToProto":{"count":336,"self":0.0009991,"total":0.0048144,"children":{"GenerateSensorData":{"count":336,"self":0.0038152999999999998,"total":0.0038152999999999998,"children":null}}}},"gauges":{"RightArmMovement.CumulativeReward":{"count":112,"max":26.2983456,"min":-2.27359724,"runningAverage":13.4082117,"value":11.2691269,"weightedAverage":10.7778273},"LeftArmMovement.CumulativeReward":{"count":112,"max":21.3156681,"min":-7.047649,"runningAverage":10.8679781,"value":10.6247072,"weightedAverage":11.62229},"HeadChestMovement.CumulativeReward":{"count":112,"max":47.06428,"min":-14.8288937,"runningAverage":16.144949,"value":8.442715,"weightedAverage":16.5726433}},"metadata":{"timer_format_version":"0.1.0","start_time_seconds":"1628522926","unity_version":"2020.3.4f1","command_line_arguments":"C:\\Program Files\\Unity\\Hub\\Editor\\2020.3.4f1\\Editor\\Unity.exe -projectpath C:\/Users\/mpunz\/Desktop\/LISN\/Unity projects\/AuditionRoom -useHub -hubIPC -cloudEnvironment production -hubSessionId 8b239ea0-f91c-11eb-9b3b-fb7204503d44 -accessToken WJcHt3KjBd-uEYAIogDQFCNiIMaKZcFFdu1ZUEnXv9U006f","communication_protocol_version":"1.5.0","com.unity.ml-agents_version":"2.1.0-exp.1","scene_name":"AuditionRoom","end_time_seconds":"1628522967"}}