{"count":1,"self":95.9976768,"total":124.1259539,"children":{"InitializeActuators":{"count":27,"self":0.0009904,"total":0.0009904,"children":null},"InitializeSensors":{"count":27,"self":0.0009923,"total":0.0009923,"children":null},"AgentSendState":{"count":9627,"self":0.1317345,"total":0.43149309999999996,"children":{"CollectObservations":{"count":26502,"self":0.023950299999999997,"total":0.023950299999999997,"children":null},"WriteActionMask":{"count":26502,"self":0.028864599999999997,"total":0.028864599999999997,"children":null},"RequestDecision":{"count":26502,"self":0.065807999999999992,"total":0.2469437,"children":{"AgentInfo.ToProto":{"count":26502,"self":0.0435838,"total":0.18113569999999998,"children":{"GenerateSensorData":{"count":26502,"self":0.1375519,"total":0.1375519,"children":null}}}}}}},"DecideAction":{"count":9627,"self":27.572118399999997,"total":27.5721186,"children":null},"AgentAct":{"count":9627,"self":0.11669739999999999,"total":0.11669739999999999,"children":null},"AgentInfo.ToProto":{"count":288,"self":0.0019941,"total":0.0049867,"children":{"GenerateSensorData":{"count":288,"self":0.0029925999999999998,"total":0.0029925999999999998,"children":null}}}},"gauges":{"RightArmMovement.CumulativeReward":{"count":96,"max":50.7674751,"min":-6.28612232,"runningAverage":25.1174622,"value":5.53637266,"weightedAverage":15.2742033},"LeftArmMovement.CumulativeReward":{"count":96,"max":40.62685,"min":-15.4541264,"runningAverage":18.597229,"value":8.177478,"weightedAverage":13.4345312},"HeadChestMovement.CumulativeReward":{"count":96,"max":71.809906,"min":-30.5965366,"runningAverage":24.8049316,"value":10.8054962,"weightedAverage":13.926753}},"metadata":{"timer_format_version":"0.1.0","start_time_seconds":"1628436933","unity_version":"2020.3.4f1","command_line_arguments":"C:\\Program Files\\Unity\\Hub\\Editor\\2020.3.4f1\\Editor\\Unity.exe -projectpath C:\/Users\/mpunz\/Desktop\/LISN\/Unity projects\/AuditionRoom -useHub -hubIPC -cloudEnvironment production -hubSessionId cc99fa00-f84f-11eb-aa90-018e508f63ec -accessToken vf-ov7xM7Nc3-z1JJ48eCCRofSa_Q2l5d3rD1OjSKlM006f","communication_protocol_version":"1.5.0","com.unity.ml-agents_version":"2.1.0-exp.1","scene_name":"AuditionRoom","end_time_seconds":"1628437057"}}