{"count":1,"self":26.0758288,"total":54.477716099999995,"children":{"InitializeActuators":{"count":18,"self":0.00099739999999999985,"total":0.00099739999999999985,"children":null},"InitializeSensors":{"count":18,"self":0.0019947,"total":0.0019947,"children":null},"AgentInfo.ToProto":{"count":186,"self":0,"total":0.0063270999999999996,"children":{"GenerateSensorData":{"count":186,"self":0.0063270999999999996,"total":0.0063270999999999996,"children":null}}},"AgentSendState":{"count":2839,"self":0.11155839999999999,"total":0.4553413,"children":{"CollectObservations":{"count":28437,"self":0.0210066,"total":0.0210066,"children":null},"WriteActionMask":{"count":28437,"self":0.022859499999999998,"total":0.022859499999999998,"children":null},"RequestDecision":{"count":28437,"self":0.0674447,"total":0.2999168,"children":{"AgentInfo.ToProto":{"count":28437,"self":0.060132,"total":0.2324721,"children":{"GenerateSensorData":{"count":28437,"self":0.1723401,"total":0.1723401,"children":null}}}}}}},"DecideAction":{"count":2839,"self":27.8326912,"total":27.832692599999998,"children":null},"AgentAct":{"count":2839,"self":0.1035377,"total":0.1035377,"children":null}},"gauges":{"RightArmMovement.CumulativeReward":{"count":62,"max":80.39937,"min":-41.1194572,"runningAverage":34.8747826,"value":54.24381,"weightedAverage":38.801445},"LeftArmMovement.CumulativeReward":{"count":62,"max":75.62784,"min":-50.7041626,"runningAverage":27.619133,"value":44.2208633,"weightedAverage":26.7870731},"HeadChestMovement.CumulativeReward":{"count":62,"max":133.748978,"min":-39.20392,"runningAverage":46.49228,"value":-8.457628,"weightedAverage":26.1196671}},"metadata":{"timer_format_version":"0.1.0","start_time_seconds":"1628334196","unity_version":"2020.3.4f1","command_line_arguments":"C:\\Program Files\\Unity\\Hub\\Editor\\2020.3.4f1\\Editor\\Unity.exe -projectpath C:\/Users\/mpunz\/Desktop\/LISN\/Unity projects\/AuditionRoom -useHub -hubIPC -cloudEnvironment production -hubSessionId a95d2a50-f758-11eb-8f45-3b8bb0209b7f -accessToken EzSJ1QPfhxntzwDFOSJ48ZAWVtKY179ptTVjY4dB30U006f","communication_protocol_version":"1.5.0","com.unity.ml-agents_version":"2.1.0-exp.1","scene_name":"NoGame","end_time_seconds":"1628334250"}}