{"count":1,"self":11.8401632,"total":24.432121499999997,"children":{"InitializeActuators":{"count":27,"self":0.00099739999999999985,"total":0.00099739999999999985,"children":null},"InitializeSensors":{"count":27,"self":0.0049962999999999995,"total":0.0049962999999999995,"children":null},"AgentSendState":{"count":19084,"self":0.0978343,"total":0.3032893,"children":{"CollectObservations":{"count":17199,"self":0.0167725,"total":0.0167725,"children":null},"WriteActionMask":{"count":17199,"self":0.0135277,"total":0.0135277,"children":null},"RequestDecision":{"count":17199,"self":0.043149799999999995,"total":0.1751548,"children":{"AgentInfo.ToProto":{"count":17199,"self":0.0326991,"total":0.13200499999999998,"children":{"GenerateSensorData":{"count":17199,"self":0.099305899999999989,"total":0.099305899999999989,"children":null}}}}}}},"DecideAction":{"count":19084,"self":12.2082936,"total":12.2082939,"children":null},"AgentAct":{"count":19084,"self":0.0723872,"total":0.0723872,"children":null},"AgentInfo.ToProto":{"count":243,"self":0,"total":0.0009973,"children":{"GenerateSensorData":{"count":243,"self":0.0009973,"total":0.0009973,"children":null}}}},"gauges":{"RightArmMovement.CumulativeReward":{"count":81,"max":36.2388229,"min":-5.43523,"runningAverage":20.6949654,"value":23.211586,"weightedAverage":23.8160152},"LeftArmMovement.CumulativeReward":{"count":81,"max":33.0325241,"min":-13.83193,"runningAverage":16.2157173,"value":8.146583,"weightedAverage":12.2113819},"HeadChestMovement.CumulativeReward":{"count":81,"max":59.0349541,"min":-23.9511185,"runningAverage":19.72394,"value":21.82219,"weightedAverage":14.793869}},"metadata":{"timer_format_version":"0.1.0","start_time_seconds":"1628522881","unity_version":"2020.3.4f1","command_line_arguments":"C:\\Program Files\\Unity\\Hub\\Editor\\2020.3.4f1\\Editor\\Unity.exe -projectpath C:\/Users\/mpunz\/Desktop\/LISN\/Unity projects\/AuditionRoom -useHub -hubIPC -cloudEnvironment production -hubSessionId 8b239ea0-f91c-11eb-9b3b-fb7204503d44 -accessToken WJcHt3KjBd-uEYAIogDQFCNiIMaKZcFFdu1ZUEnXv9U006f","communication_protocol_version":"1.5.0","com.unity.ml-agents_version":"2.1.0-exp.1","scene_name":"NoGame","end_time_seconds":"1628522906"}}